id,cluster,primary_query_hypothesis,working_title_not_article_draft,research_scope,proposed_visual_or_asset,priority_editorial_not_volume,disposition,search_intent,evidence,source_leads_not_claim_verification,existing_guide_to_review,publication_gate,search_volume,research_date
A01,Credit terms and limits,credit sales in Nigeria,Selling goods on credit in Nigeria: a practical operating guide,Agree terms; assess cash exposure; accept; deliver; track and close a sale,Sale lifecycle diagram; worked naira transaction,P1,candidate,Informational / practical task,Adjacent-topic hypothesis; individual query validation needed,https://quickbooks.intuit.com/r/e-commerce/what-do-net30-and-other-invoice-payment-terms-mean/,how-to-sell-goods-on-credit-in-nigeria,Validate query intent; produce original example/assets; factual review,Not measured,2026-09-04
A02,Credit terms and limits,trade credit advantages and disadvantages,"Trade credit: benefits, costs and risks for buyers and sellers",Distinguish supplier credit from a cash loan; compare risk on both sides,Two-sided comparison; cash timing chart,P2,candidate,Informational / practical task,Adjacent-topic hypothesis; individual query validation needed,https://quickbooks.intuit.com/r/e-commerce/what-do-net30-and-other-invoice-payment-terms-mean/,,Validate query intent; produce original example/assets; factual review,Not measured,2026-09-04
A03,Credit terms and limits,cash sales vs credit sales,Cash sales vs credit sales: which orders can your business afford?,Compare margin with timing and replacement-stock needs,Side-by-side cash timeline; scenario calculator,P1,candidate,Informational / practical task,Adjacent-topic hypothesis; individual query validation needed,https://quickbooks.intuit.com/r/e-commerce/what-do-net30-and-other-invoice-payment-terms-mean/,,Validate query intent; produce original example/assets; factual review,Not measured,2026-09-04
A04,Credit terms and limits,net 30 payment terms meaning,"Net 7, net 14 and net 30: how invoice payment terms work",Explain date anchors and calendar examples; avoid implying every industry uses the same terms,Due-date calendar; comparison table,P1,candidate,Informational / practical task,Observed topic coverage; search volume unmeasured,https://quickbooks.intuit.com/r/e-commerce/what-do-net30-and-other-invoice-payment-terms-mean/,,Validate query intent; produce original example/assets; factual review,Not measured,2026-09-04
A05,Credit terms and limits,credit policy template small business,A customer credit policy template for a small business,Approval authority; limit; evidence; follow-up; exceptions; periodic review,Annotated policy; downloadable editable template,P1,candidate,Template / practical task,Adjacent-topic hypothesis; individual query validation needed,https://quickbooks.intuit.com/r/e-commerce/what-do-net30-and-other-invoice-payment-terms-mean/,write-a-small-business-credit-policy,Validate query intent; produce original example/assets; factual review,Not measured,2026-09-04
A06,Credit terms and limits,how to set customer credit limits,How to set and review a customer credit limit,Affordability for seller; open orders; overdue exposure; defensible exceptions,Exposure worksheet; decision tree,P1,candidate,Informational / practical task,Adjacent-topic hypothesis; individual query validation needed,https://quickbooks.intuit.com/r/e-commerce/what-do-net30-and-other-invoice-payment-terms-mean/,how-much-credit-to-give-a-customer,Validate query intent; produce original example/assets; factual review,Not measured,2026-09-04
A07,Credit terms and limits,deposit payment terms for customers,How to agree a deposit and balance-payment schedule,Define which stock or work a deposit covers; cancellation and remaining amount,Deposit scenarios; annotated order terms,P2,candidate,Informational / practical task,Adjacent-topic hypothesis; individual query validation needed,https://quickbooks.intuit.com/r/e-commerce/what-do-net30-and-other-invoice-payment-terms-mean/,,Validate query intent; produce original example/assets; factual review,Not measured,2026-09-04
A08,Credit terms and limits,first credit sale checklist,First credit sale checklist,A printable release checklist inside the main credit-sales guide,One-page checklist,P3,merge:A01,Informational / practical task,Adjacent-topic hypothesis; individual query validation needed,https://quickbooks.intuit.com/r/e-commerce/what-do-net30-and-other-invoice-payment-terms-mean/,,Include in parent guide; do not create another URL yet,Not measured,2026-09-04
A09,Credit terms and limits,change payment terms existing customers,Changing payment terms with an existing customer,Prospective offers vs already accepted terms; conversation and evidence,Before-and-after timeline; amendment checklist,P2,candidate,Informational / practical task,Adjacent-topic hypothesis; individual query validation needed,https://quickbooks.intuit.com/r/e-commerce/what-do-net30-and-other-invoice-payment-terms-mean/,,Validate query intent; produce original example/assets; factual review,Not measured,2026-09-04
A10,Credit terms and limits,how to ask a supplier for credit terms,How to request trade credit from a supplier,Buyer preparation; repayment source; references; realistic order size,Application pack map; request structure,P2,candidate,Informational / practical task,Adjacent-topic hypothesis; individual query validation needed,https://quickbooks.intuit.com/r/e-commerce/what-do-net30-and-other-invoice-payment-terms-mean/,,Validate query intent; produce original example/assets; factual review,Not measured,2026-09-04
B01,Customer assessment,verify a company in Nigeria CAC,How to check a customer business on the CAC register,Current official search workflow; what registration proves and does not prove,Redacted registry walkthrough; verification checklist,P1,candidate,Informational / practical task,Observed topic coverage; search volume unmeasured,https://icrp.cac.gov.ng/public-search/ ; https://honeybros.com/credit-application-form,,Validate query intent; produce original example/assets; factual review,Not measured,2026-09-04
B02,Customer assessment,customer credit application form,A trade-credit application form for new business customers,Collect necessary information without importing foreign consent clauses or excessive personal data,Annotated form; required vs optional fields,P1,candidate,Template / practical task,Adjacent-topic hypothesis; individual query validation needed,https://icrp.cac.gov.ng/public-search/ ; https://honeybros.com/credit-application-form,questions-before-giving-business-credit,Validate query intent; produce original example/assets; factual review,Not measured,2026-09-04
B03,Customer assessment,trade reference check questions,How to check a trade reference before approving credit,Permission; specific payment facts; authenticity; limits of a reference,Interview checklist; evidence matrix,P2,candidate,Informational / practical task,Adjacent-topic hypothesis; individual query validation needed,https://icrp.cac.gov.ng/public-search/ ; https://honeybros.com/credit-application-form,,Validate query intent; produce original example/assets; factual review,Not measured,2026-09-04
B04,Customer assessment,who can sign a credit agreement for a company,Checking who can accept terms for a business,Buyer identity; delegated authority; delivery recipient; legal distinctions require review,Responsibility map; evidence examples,P3,validate,Informational / practical task,Adjacent-topic hypothesis; individual query validation needed,https://icrp.cac.gov.ng/public-search/ ; https://honeybros.com/credit-application-form,,Qualified legal/privacy/accounting review plus query validation,Not measured,2026-09-04
B05,Customer assessment,sell on credit to unregistered business Nigeria,Assessing a credit request from an unregistered trader,Practical evidence and product eligibility; avoid presenting registration as proof of ability to pay,Decision tree; registered vs unregistered evidence,P2,validate,Informational / practical task,Adjacent-topic hypothesis; individual query validation needed,https://icrp.cac.gov.ng/public-search/ ; https://honeybros.com/credit-application-form,,Qualified legal/privacy/accounting review plus query validation,Not measured,2026-09-04
B06,Customer assessment,warning signs customer will not pay,Warning signs before approving a larger credit order,Compare documented changes in ordering and payment; avoid speculative character judgments,Pattern comparison; review worksheet,P2,candidate,Informational / practical task,Adjacent-topic hypothesis; individual query validation needed,https://icrp.cac.gov.ng/public-search/ ; https://honeybros.com/credit-application-form,,Validate query intent; produce original example/assets; factual review,Not measured,2026-09-04
B07,Customer assessment,review customer credit limit,"When to increase, reduce or freeze a credit limit",Review intervals and triggers belong within the limit guide initially,Review checklist,P3,merge:A06,Informational / practical task,Adjacent-topic hypothesis; individual query validation needed,https://icrp.cac.gov.ng/public-search/ ; https://honeybros.com/credit-application-form,,Include in parent guide; do not create another URL yet,Not measured,2026-09-04
B08,Customer assessment,customer concentration risk small business,When one customer owes too much: measuring concentration risk,Calculate share of receivables and stress a delayed largest payment,Concentration chart; stress-test worksheet,P2,candidate,Informational / practical task,Adjacent-topic hypothesis; individual query validation needed,https://icrp.cac.gov.ng/public-search/ ; https://honeybros.com/credit-application-form,,Validate query intent; produce original example/assets; factual review,Not measured,2026-09-04
B09,Customer assessment,customer identity business name trading name,Which customer name and address belong on the sale?,Resolve trading-name and delivery-address differences within onboarding coverage,Annotated customer record,P3,merge:B02,Informational / practical task,Adjacent-topic hypothesis; individual query validation needed,https://icrp.cac.gov.ng/public-search/ ; https://honeybros.com/credit-application-form,,Include in parent guide; do not create another URL yet,Not measured,2026-09-04
B10,Customer assessment,customer credit check vs credit score,"Trade references, credit checks and credit scores: what each can tell you",Separate factual sales history from regulated bureau services and unsupported scoring,Evidence comparison table,P3,validate,Informational / practical task,Adjacent-topic hypothesis; individual query validation needed,https://icrp.cac.gov.ng/public-search/ ; https://honeybros.com/credit-application-form,,Qualified legal/privacy/accounting review plus query validation,Not measured,2026-09-04
C01,Invoices and sale documents,invoice template Nigeria,"How to create an invoice in Nigeria, with editable templates",Fields; numbering; dates; line items; corrections; checked examples,Annotated invoice; Word and spreadsheet downloads,P1,candidate,Template / practical task,Observed topic coverage; search volume unmeasured,https://invoice.ng/free-invoice-templates ; https://support.paystack.com/en/articles/2130882,,Validate query intent; produce original example/assets; factual review,Not measured,2026-09-04
C02,Invoices and sale documents,receipt template Nigeria,"How to issue a payment receipt, with a Nigerian business template",Confirmed receipt; method; payer; reference; remaining balance,Annotated receipt; cash and transfer examples,P1,candidate,Template / practical task,Observed topic coverage; search volume unmeasured,https://invoice.ng/free-invoice-templates ; https://support.paystack.com/en/articles/2130882,,Validate query intent; produce original example/assets; factual review,Not measured,2026-09-04
C03,Invoices and sale documents,invoice vs receipt,Invoice vs receipt vs statement: which document do you need?,Keep each document tied to the action it proves,Comparison table; transaction document timeline,P1,candidate,Informational / practical task,Observed topic coverage; search volume unmeasured,https://invoice.ng/free-invoice-templates ; https://support.paystack.com/en/articles/2130882,,Validate query intent; produce original example/assets; factual review,Not measured,2026-09-04
C04,Invoices and sale documents,delivery note template Nigeria,"Delivery note template: quantities, recipient and exceptions",Goods description; partial delivery; recipient confirmation; preserve exceptions,Annotated delivery note; blank and completed versions,P1,candidate,Template / practical task,Adjacent-topic hypothesis; individual query validation needed,https://invoice.ng/free-invoice-templates ; https://support.paystack.com/en/articles/2130882,,Validate query intent; produce original example/assets; factual review,Not measured,2026-09-04
C05,Invoices and sale documents,proof of delivery for goods,What counts as useful proof of delivery in a credit sale?,Photos; signatures; timestamps; recipient identity; disputed or partial delivery,Evidence checklist; good vs incomplete records,P2,candidate,Informational / practical task,Adjacent-topic hypothesis; individual query validation needed,https://invoice.ng/free-invoice-templates ; https://support.paystack.com/en/articles/2130882,,Validate query intent; produce original example/assets; factual review,Not measured,2026-09-04
C06,Invoices and sale documents,credit sale agreement template Nigeria,What a credit sale agreement should cover in Nigeria,Parties; goods; dates; fees; delivery; disputes; amendment; lawyer-reviewed template only,Clause annotations; agreement checklist,P1,validate,Template / practical task,Adjacent-topic hypothesis; individual query validation needed,https://invoice.ng/free-invoice-templates ; https://support.paystack.com/en/articles/2130882,simple-credit-sale-agreement-nigeria,Qualified legal/privacy/accounting review plus query validation,Not measured,2026-09-04
C07,Invoices and sale documents,purchase order vs invoice,Purchase order vs invoice vs delivery note,Buying authority and acceptance differ from billing and receipt,Three-document workflow diagram,P2,candidate,Informational / practical task,Adjacent-topic hypothesis; individual query validation needed,https://invoice.ng/free-invoice-templates ; https://support.paystack.com/en/articles/2130882,,Validate query intent; produce original example/assets; factual review,Not measured,2026-09-04
C08,Invoices and sale documents,proforma invoice vs invoice,Proforma invoice vs final invoice: what changes?,Quotation stage vs final sale; avoid recording a proposed sale as paid,Annotated comparison,P2,candidate,Template / practical task,Observed topic coverage; search volume unmeasured,https://invoice.ng/free-invoice-templates ; https://support.paystack.com/en/articles/2130882,,Validate query intent; produce original example/assets; factual review,Not measured,2026-09-04
C09,Invoices and sale documents,customer statement of account template,How to prepare a customer statement of account,Opening balance; invoices; credits; payments; closing balance; reconciliation,Statement with linked ledger; spreadsheet template,P1,candidate,Template / practical task,Adjacent-topic hypothesis; individual query validation needed,https://invoice.ng/free-invoice-templates ; https://support.paystack.com/en/articles/2130882,,Validate query intent; produce original example/assets; factual review,Not measured,2026-09-04
C10,Invoices and sale documents,credit note vs debit note,Credit notes and debit notes: correcting an invoice without losing the record,Returns; overcharges; adjustments; jurisdiction-specific tax treatment separately reviewed,Adjustment trail; worked examples,P2,candidate,Informational / practical task,Observed topic coverage; search volume unmeasured,https://invoice.ng/free-invoice-templates ; https://support.paystack.com/en/articles/2130882,,Validate query intent; produce original example/assets; factual review,Not measured,2026-09-04
D01,Payment records and reconciliation,how to keep records of customers owing money,How to keep a reliable record of money customers owe,Customer-level ledger with transaction references; avoid counting invoices twice,Sample debt register; ledger-to-statement diagram,P1,candidate,Informational / practical task,Observed topic coverage; search volume unmeasured,https://support.paystack.com/en/articles/2130882 ; https://tallypadi.com/accounts-receivable-debtors-tracking,,Validate query intent; produce original example/assets; factual review,Not measured,2026-09-04
D02,Payment records and reconciliation,customer debt tracker Excel template,A customer debt tracker in Excel or Google Sheets,Build and validate a working tracker with partial payments and overdue dates,Downloadable tracker; formula walkthrough,P1,candidate,Template / practical task,Observed topic coverage; search volume unmeasured,https://support.paystack.com/en/articles/2130882 ; https://tallypadi.com/accounts-receivable-debtors-tracking,,Validate query intent; produce original example/assets; factual review,Not measured,2026-09-04
D03,Payment records and reconciliation,how to record partial payments,How to record part-payments and calculate the remaining balance,Recognized payment vs claim; dated entries; reversals; more than one instalment,Running-balance waterfall; example ledger,P1,candidate,Informational / practical task,Adjacent-topic hypothesis; individual query validation needed,https://support.paystack.com/en/articles/2130882 ; https://tallypadi.com/accounts-receivable-debtors-tracking,track-customer-part-payments,Validate query intent; produce original example/assets; factual review,Not measured,2026-09-04
D04,Payment records and reconciliation,bank reconciliation for small business,How to match bank transfers to customer invoices,References; same-amount transfers; timing; unmatched receipts,Two-column reconciliation; exception queue,P1,candidate,Informational / practical task,Adjacent-topic hypothesis; individual query validation needed,https://support.paystack.com/en/articles/2130882 ; https://tallypadi.com/accounts-receivable-debtors-tracking,daily-payment-check-routine,Validate query intent; produce original example/assets; factual review,Not measured,2026-09-04
D05,Payment records and reconciliation,how to record cash payments from customers,Recording cash collected by staff,Receipt; handover; deposit; daily reconciliation; separation of duties,Cash handover form; chain-of-custody diagram,P2,candidate,Informational / practical task,Adjacent-topic hypothesis; individual query validation needed,https://support.paystack.com/en/articles/2130882 ; https://tallypadi.com/accounts-receivable-debtors-tracking,,Validate query intent; produce original example/assets; factual review,Not measured,2026-09-04
D06,Payment records and reconciliation,customer overpaid invoice what to do,What to do when a customer overpays,Confirm credit; avoid unsafe refund requests; agree refund or future credit,Decision tree; overpayment ledger,P2,candidate,Informational / practical task,Adjacent-topic hypothesis; individual query validation needed,https://support.paystack.com/en/articles/2130882 ; https://tallypadi.com/accounts-receivable-debtors-tracking,,Validate query intent; produce original example/assets; factual review,Not measured,2026-09-04
D07,Payment records and reconciliation,correct wrong payment entry,Correcting a payment entered against the wrong sale,Preserve original record; reversal; correct attribution; customer communication,Before-and-after ledger,P2,candidate,Informational / practical task,Adjacent-topic hypothesis; individual query validation needed,https://support.paystack.com/en/articles/2130882 ; https://tallypadi.com/accounts-receivable-debtors-tracking,,Validate query intent; produce original example/assets; factual review,Not measured,2026-09-04
D08,Payment records and reconciliation,customer says paid but no payment received,"A customer says they paid, but the money has not arrived",Check both parties' details; payment status; evidence; escalation without double-counting,Status flow; transfer evidence checklist,P1,candidate,Informational / practical task,Adjacent-topic hypothesis; individual query validation needed,https://support.paystack.com/en/articles/2130882 ; https://tallypadi.com/accounts-receivable-debtors-tracking,,Validate query intent; produce original example/assets; factual review,Not measured,2026-09-04
D09,Payment records and reconciliation,one payment for multiple invoices,Allocating one customer payment across several invoices,Customer instructions; allocation policy; disputed invoice; residual credit,Allocation table; scenario exercise,P2,candidate,Informational / practical task,Adjacent-topic hypothesis; individual query validation needed,https://support.paystack.com/en/articles/2130882 ; https://tallypadi.com/accounts-receivable-debtors-tracking,,Validate query intent; produce original example/assets; factual review,Not measured,2026-09-04
D10,Payment records and reconciliation,payment reconciliation checklist daily,A daily customer-payment reconciliation checklist,Closing-time verification and unresolved items; link back to the detailed reconciliation guide,Printable closing checklist,P3,merge:D04,Informational / practical task,Adjacent-topic hypothesis; individual query validation needed,https://support.paystack.com/en/articles/2130882 ; https://tallypadi.com/accounts-receivable-debtors-tracking,,Include in parent guide; do not create another URL yet,Not measured,2026-09-04
E01,Payment reminders,payment reminder message to customer,Payment reminder messages for before and after the due date,Channel-neutral reminder principles and distinct stages; no invented conversion statistics,Message anatomy; reminder timeline,P1,candidate,Informational / practical task,Observed topic coverage; search volume unmeasured,https://www.getoncre.com/solutions/tracking ; https://sabibooks.app/blog/whatsapp-payment-reminder-templates/,polite-payment-reminder-messages,Validate query intent; produce original example/assets; factual review,Not measured,2026-09-04
E02,Payment reminders,WhatsApp payment reminder message,WhatsApp payment reminders for Nigerian businesses,Mobile-specific message format; identity; privacy; confirmed payments; consent and opt-out applicability,Phone conversation examples; delivery/status flow,P1,candidate,Informational / practical task,Observed topic coverage; search volume unmeasured,https://www.getoncre.com/solutions/tracking ; https://sabibooks.app/blog/whatsapp-payment-reminder-templates/,,Validate query intent; produce original example/assets; factual review,Not measured,2026-09-04
E03,Payment reminders,overdue invoice email template,Overdue invoice email templates for business customers,Subject lines; attachments; correct contact; disputed invoices; accountable escalation,Annotated email; document checklist,P1,candidate,Template / practical task,Adjacent-topic hypothesis; individual query validation needed,https://www.getoncre.com/solutions/tracking ; https://sabibooks.app/blog/whatsapp-payment-reminder-templates/,,Validate query intent; produce original example/assets; factual review,Not measured,2026-09-04
E04,Payment reminders,when to send payment reminders,When to send customer payment reminders,Timing guidance belongs inside the main reminder guide initially,Due-date reminder calendar,P3,merge:E01,Informational / practical task,Adjacent-topic hypothesis; individual query validation needed,https://www.getoncre.com/solutions/tracking ; https://sabibooks.app/blog/whatsapp-payment-reminder-templates/,,Include in parent guide; do not create another URL yet,Not measured,2026-09-04
E05,Payment reminders,how to ask a customer to pay politely,How to ask for payment without damaging the relationship,Tone and specificity covered by the primary reminder guide,Message comparison,P3,merge:E01,Informational / practical task,Adjacent-topic hypothesis; individual query validation needed,https://www.getoncre.com/solutions/tracking ; https://sabibooks.app/blog/whatsapp-payment-reminder-templates/,,Include in parent guide; do not create another URL yet,Not measured,2026-09-04
E06,Payment reminders,customer ignores payment reminders,What to do when a customer stops replying about payment,Confirm delivery and contact; distinguish silence from dispute; proportionate next steps,Contact-attempt log; escalation decision tree,P2,candidate,Informational / practical task,Adjacent-topic hypothesis; individual query validation needed,https://www.getoncre.com/solutions/tracking ; https://sabibooks.app/blog/whatsapp-payment-reminder-templates/,,Validate query intent; produce original example/assets; factual review,Not measured,2026-09-04
E07,Payment reminders,payment plan request from customer,When a customer asks for more time to pay,Assess proposal; record new commitments; keep original history; plan realistic instalments,Payment-plan worksheet; timeline,P1,candidate,Informational / practical task,Adjacent-topic hypothesis; individual query validation needed,https://www.getoncre.com/solutions/tracking ; https://sabibooks.app/blog/whatsapp-payment-reminder-templates/,,Validate query intent; produce original example/assets; factual review,Not measured,2026-09-04
E08,Payment reminders,promise to pay tracking,How to record and follow up a promise to pay,Named owner; amount; date; missed commitment; factual history,Promise-to-pay register,P2,candidate,Informational / practical task,Adjacent-topic hypothesis; individual query validation needed,https://www.getoncre.com/solutions/tracking ; https://sabibooks.app/blog/whatsapp-payment-reminder-templates/,,Validate query intent; produce original example/assets; factual review,Not measured,2026-09-04
E09,Payment reminders,automated payment reminders for small business,How to choose and set up automated payment reminders,Stop conditions; disputes; partial payments; duplicate messages; delivery failure,Automation decision map; evaluation checklist,P2,candidate,Informational / practical task,Adjacent-topic hypothesis; individual query validation needed,https://www.getoncre.com/solutions/tracking ; https://sabibooks.app/blog/whatsapp-payment-reminder-templates/,,Validate query intent; produce original example/assets; factual review,Not measured,2026-09-04
E10,Payment reminders,payment reminder to wrong customer,Stopping incorrect or repeated payment reminders,Paid customer; wrong invoice; privacy exposure; correction and delivery audit,Incident checklist; correct-recipient flow,P3,validate,Informational / practical task,Adjacent-topic hypothesis; individual query validation needed,https://www.getoncre.com/solutions/tracking ; https://sabibooks.app/blog/whatsapp-payment-reminder-templates/,,Qualified legal/privacy/accounting review plus query validation,Not measured,2026-09-04
F01,Overdue sales and disputes,customer not paying for goods Nigeria,What to do when a customer has not paid for delivered goods,Evidence; confirmation; negotiation; proportionate escalation; local legal review for remedies,Overdue-sale decision tree; evidence pack,P1,validate,Informational / practical task,Adjacent-topic hypothesis; individual query validation needed,https://lagoscomis.lagosjudiciary.gov.ng/assets/files/small_claims_pd.pdf ; https://fccpc.gov.ng/about-us/faqs/,,Qualified legal/privacy/accounting review plus query validation,Not measured,2026-09-04
F02,Overdue sales and disputes,customer disputes invoice amount,How to investigate a disputed invoice amount,Separate agreed and disputed portions; match accepted terms to deliveries and payments,Dispute reconciliation table,P1,candidate,Informational / practical task,Adjacent-topic hypothesis; individual query validation needed,https://lagoscomis.lagosjudiciary.gov.ng/assets/files/small_claims_pd.pdf ; https://fccpc.gov.ng/about-us/faqs/,,Validate query intent; produce original example/assets; factual review,Not measured,2026-09-04
F03,Overdue sales and disputes,customer received damaged goods payment dispute,Handling damaged goods in a credit sale,Quantity and condition evidence; replacement or credit; responsibility; reviewed legal boundaries,Photo checklist; resolution options matrix,P2,validate,Informational / practical task,Adjacent-topic hypothesis; individual query validation needed,https://lagoscomis.lagosjudiciary.gov.ng/assets/files/small_claims_pd.pdf ; https://fccpc.gov.ng/about-us/faqs/,,Qualified legal/privacy/accounting review plus query validation,Not measured,2026-09-04
F04,Overdue sales and disputes,partial delivery invoice payment,Partial deliveries and part-payments: keeping the balance clear,Delivered vs ordered quantities; accepted balance; later delivery; date changes,Quantity-to-value table; delivery timeline,P2,candidate,Informational / practical task,Adjacent-topic hypothesis; individual query validation needed,https://lagoscomis.lagosjudiciary.gov.ng/assets/files/small_claims_pd.pdf ; https://fccpc.gov.ng/about-us/faqs/,,Validate query intent; produce original example/assets; factual review,Not measured,2026-09-04
F05,Overdue sales and disputes,should I supply a customer with overdue invoices,When to pause new credit for an overdue customer,Exposure; essential restocking; consistent policy; existing commitments,Supply decision tree; exposure calculation,P1,candidate,Informational / practical task,Adjacent-topic hypothesis; individual query validation needed,https://lagoscomis.lagosjudiciary.gov.ng/assets/files/small_claims_pd.pdf ; https://fccpc.gov.ng/about-us/faqs/,,Validate query intent; produce original example/assets; factual review,Not measured,2026-09-04
F06,Overdue sales and disputes,letter of demand for debt Nigeria,Preparing a letter of demand for an unpaid business debt,Jurisdiction; evidence; accurate amount; lawyer review; distinguish informal reminder,Annotated structure; evidence checklist,P3,validate,Informational / practical task,Adjacent-topic hypothesis; individual query validation needed,https://lagoscomis.lagosjudiciary.gov.ng/assets/files/small_claims_pd.pdf ; https://fccpc.gov.ng/about-us/faqs/,,Qualified legal/privacy/accounting review plus query validation,Not measured,2026-09-04
F07,Overdue sales and disputes,small claims court debt recovery Lagos,Lagos small claims: research checklist for an unpaid trade debt,Confirm current jurisdiction and forms with counsel; do not reuse stale monetary limits,Court-document checklist; verified process map,P3,validate,Informational / practical task,Adjacent-topic hypothesis; individual query validation needed,https://lagoscomis.lagosjudiciary.gov.ng/assets/files/small_claims_pd.pdf ; https://fccpc.gov.ng/about-us/faqs/,,Qualified legal/privacy/accounting review plus query validation,Not measured,2026-09-04
F08,Overdue sales and disputes,debt collection harassment Nigeria,"Payment collection, privacy and harassment: boundaries to verify",Separate digital lending rules from ordinary trade credit; qualified legal interpretation,Allowed-process checklist after review,P3,validate,Informational / practical task,Adjacent-topic hypothesis; individual query validation needed,https://lagoscomis.lagosjudiciary.gov.ng/assets/files/small_claims_pd.pdf ; https://fccpc.gov.ng/about-us/faqs/,,Qualified legal/privacy/accounting review plus query validation,Not measured,2026-09-04
F09,Overdue sales and disputes,when to write off bad debt small business,When an unpaid sale may need a bad-debt decision,Accounting treatment vs debt forgiveness vs legal recovery; professional review,Decision matrix; corrected records example,P3,validate,Informational / practical task,Adjacent-topic hypothesis; individual query validation needed,https://lagoscomis.lagosjudiciary.gov.ng/assets/files/small_claims_pd.pdf ; https://fccpc.gov.ng/about-us/faqs/,,Qualified legal/privacy/accounting review plus query validation,Not measured,2026-09-04
F10,Overdue sales and disputes,returned goods credit sale balance,Recording returned goods and adjusting what the customer owes,Returned quantity; condition; approval; credit note; remaining balance,Return-to-credit trail; worked ledger,P2,candidate,Informational / practical task,Adjacent-topic hypothesis; individual query validation needed,https://lagoscomis.lagosjudiciary.gov.ng/assets/files/small_claims_pd.pdf ; https://fccpc.gov.ng/about-us/faqs/,,Validate query intent; produce original example/assets; factual review,Not measured,2026-09-04
G01,Receivables and cash flow,accounts receivable meaning,Accounts receivable explained through a complete credit sale,Invoice; recognition; receipt; adjustments; finance terminology for business owners,Lifecycle and worked naira ledger,P1,candidate,Informational / practical task,Adjacent-topic hypothesis; individual query validation needed,https://www.xero.com/us/guides/accounts-receivable-aging-report/ ; https://www.smartsheet.com/content/cash-flow-forecast-templates,,Validate query intent; produce original example/assets; factual review,Not measured,2026-09-04
G02,Receivables and cash flow,accounts receivable ageing report template,How to read and build an accounts receivable ageing report,Due-date vs invoice-date ageing; partial payments; buckets; action list,Heatmap; editable ageing worksheet,P1,candidate,Template / practical task,Observed topic coverage; search volume unmeasured,https://www.xero.com/us/guides/accounts-receivable-aging-report/ ; https://www.smartsheet.com/content/cash-flow-forecast-templates,,Validate query intent; produce original example/assets; factual review,Not measured,2026-09-04
G03,Receivables and cash flow,cash flow forecast template Nigeria,A cash-flow forecast for a business that sells on credit,Opening cash; expected collections; bills; uncertainty; weekly actuals,Scenario chart; forecast workbook,P1,candidate,Template / practical task,Observed topic coverage; search volume unmeasured,https://www.xero.com/us/guides/accounts-receivable-aging-report/ ; https://www.smartsheet.com/content/cash-flow-forecast-templates,weekly-cash-flow-check,Validate query intent; produce original example/assets; factual review,Not measured,2026-09-04
G04,Receivables and cash flow,profit vs cash flow small business,Why profitable credit sales can still leave you short of cash,Profit vs cash timing; replacement cost; customer delays,Profit-to-cash bridge; illustrated example,P1,candidate,Informational / practical task,Adjacent-topic hypothesis; individual query validation needed,https://www.xero.com/us/guides/accounts-receivable-aging-report/ ; https://www.smartsheet.com/content/cash-flow-forecast-templates,,Validate query intent; produce original example/assets; factual review,Not measured,2026-09-04
G05,Receivables and cash flow,days sales outstanding calculation,How to calculate DSO and use it alongside an ageing report,Definition; period choices; seasonality; invoice-level alternatives,Calculator; two contrasting datasets,P2,candidate,Informational / practical task,Adjacent-topic hypothesis; individual query validation needed,https://www.xero.com/us/guides/accounts-receivable-aging-report/ ; https://www.smartsheet.com/content/cash-flow-forecast-templates,,Validate query intent; produce original example/assets; factual review,Not measured,2026-09-04
G06,Receivables and cash flow,accounts receivable turnover formula,Receivables turnover: calculation and practical limits,Ratio differs from individual customer lateness; comparable periods,Worked calculation; ratio interpretation table,P2,candidate,Template / practical task,Adjacent-topic hypothesis; individual query validation needed,https://www.xero.com/us/guides/accounts-receivable-aging-report/ ; https://www.smartsheet.com/content/cash-flow-forecast-templates,,Validate query intent; produce original example/assets; factual review,Not measured,2026-09-04
G07,Receivables and cash flow,cash conversion cycle small business,How stock days and customer payment terms affect cash,Inventory; receivables; supplier payments; avoid implying borrowed finance is offered by Kredit,Cash cycle diagram; scenario worksheet,P2,candidate,Informational / practical task,Adjacent-topic hypothesis; individual query validation needed,https://www.xero.com/us/guides/accounts-receivable-aging-report/ ; https://www.smartsheet.com/content/cash-flow-forecast-templates,,Validate query intent; produce original example/assets; factual review,Not measured,2026-09-04
G08,Receivables and cash flow,month end accounts receivable reconciliation,A month-end receivables reconciliation checklist,"Ledger to invoices, receipts, credits and statements; unresolved items",Reconciliation workbook; sign-off checklist,P2,candidate,Informational / practical task,Adjacent-topic hypothesis; individual query validation needed,https://www.xero.com/us/guides/accounts-receivable-aging-report/ ; https://www.smartsheet.com/content/cash-flow-forecast-templates,,Validate query intent; produce original example/assets; factual review,Not measured,2026-09-04
G09,Receivables and cash flow,how to reduce overdue receivables,An action plan for reducing overdue customer balances,"Segment by cause, amount and age; measure progress without invented benchmarks",Prioritization matrix; before/after measures,P2,candidate,Informational / practical task,Adjacent-topic hypothesis; individual query validation needed,https://www.xero.com/us/guides/accounts-receivable-aging-report/ ; https://www.smartsheet.com/content/cash-flow-forecast-templates,,Validate query intent; produce original example/assets; factual review,Not measured,2026-09-04
G10,Receivables and cash flow,weekly cash flow review checklist,A weekly review of expected customer payments,Absorb the checklist into the cash-flow forecast guide,Weekly review sheet,P3,merge:G03,Informational / practical task,Adjacent-topic hypothesis; individual query validation needed,https://www.xero.com/us/guides/accounts-receivable-aging-report/ ; https://www.smartsheet.com/content/cash-flow-forecast-templates,,Include in parent guide; do not create another URL yet,Not measured,2026-09-04
H01,Payment methods and verification,direct debit Nigeria how it works,How direct debit works in Nigeria for a business payment,Payer consent; bank/provider roles; limits; collection state; separate from a loan,Consent-to-collection diagram,P1,candidate,Informational / practical task,Observed topic coverage; search volume unmeasured,https://docs.mono.co/docs/payments/direct-debit/overview ; https://support.moniepoint.com/topics/transfers-233/i-did-a-successful-transfer-but-the-beneficiary-is-yet-to-receive-the-funds-421,,Validate query intent; produce original example/assets; factual review,Not measured,2026-09-04
H02,Payment methods and verification,direct debit mandate meaning,What a direct debit mandate authorizes,Amount scope; timing; status; distinction between acceptance and authorization,Annotated mandate; status timeline,P2,candidate,Informational / practical task,Observed topic coverage; search volume unmeasured,https://docs.mono.co/docs/payments/direct-debit/overview ; https://support.moniepoint.com/topics/transfers-233/i-did-a-successful-transfer-but-the-beneficiary-is-yet-to-receive-the-funds-421,,Validate query intent; produce original example/assets; factual review,Not measured,2026-09-04
H03,Payment methods and verification,cancel direct debit mandate Nigeria,How to cancel a direct debit mandate: what to verify first,Current bank/provider channels; confirmation; already pending debit; no universal notice-period claim,Provider-specific cancellation checklist,P2,validate,Informational / practical task,Observed topic coverage; search volume unmeasured,https://docs.mono.co/docs/payments/direct-debit/overview ; https://support.moniepoint.com/topics/transfers-233/i-did-a-successful-transfer-but-the-beneficiary-is-yet-to-receive-the-funds-421,,Qualified legal/privacy/accounting review plus query validation,Not measured,2026-09-04
H04,Payment methods and verification,direct debit failed Nigeria,Why an authorized direct debit can still fail,Mandate state; readiness; amount; bank response; safe investigation,Failure-state decision tree,P2,candidate,Informational / practical task,Observed topic coverage; search volume unmeasured,https://docs.mono.co/docs/payments/direct-debit/overview ; https://support.moniepoint.com/topics/transfers-233/i-did-a-successful-transfer-but-the-beneficiary-is-yet-to-receive-the-funds-421,,Validate query intent; produce original example/assets; factual review,Not measured,2026-09-04
H05,Payment methods and verification,direct debit vs standing order Nigeria,Direct debit vs standing order vs bank transfer,Who initiates; changes; consent; suitable situations; verify bank-specific features,Comparison table,P2,candidate,Informational / practical task,Adjacent-topic hypothesis; individual query validation needed,https://docs.mono.co/docs/payments/direct-debit/overview ; https://support.moniepoint.com/topics/transfers-233/i-did-a-successful-transfer-but-the-beneficiary-is-yet-to-receive-the-funds-421,,Validate query intent; produce original example/assets; factual review,Not measured,2026-09-04
H06,Payment methods and verification,fake bank alert Nigeria how to identify,How to verify a payment instead of trusting a bank alert,Check own account; avoid visual authenticity claims; preserve incident evidence,Verification flow; redacted examples,P1,candidate,Informational / practical task,Observed topic coverage; search volume unmeasured,https://docs.mono.co/docs/payments/direct-debit/overview ; https://support.moniepoint.com/topics/transfers-233/i-did-a-successful-transfer-but-the-beneficiary-is-yet-to-receive-the-funds-421,protect-business-from-fake-bank-alerts,Validate query intent; produce original example/assets; factual review,Not measured,2026-09-04
H07,Payment methods and verification,transfer successful but beneficiary not credited Nigeria,Transfer successful but not received: what both sides should check,Provider status; beneficiary details; session ID; reference-led bank escalation,Transfer state map; evidence checklist,P1,candidate,Informational / practical task,Observed topic coverage; search volume unmeasured,https://docs.mono.co/docs/payments/direct-debit/overview ; https://support.moniepoint.com/topics/transfers-233/i-did-a-successful-transfer-but-the-beneficiary-is-yet-to-receive-the-funds-421,,Validate query intent; produce original example/assets; factual review,Not measured,2026-09-04
H08,Payment methods and verification,bank transfer session ID Nigeria,What a transfer session ID is and when your bank needs it,Include as a section in the missing-transfer guide,Redacted receipt annotation,P3,merge:H07,Informational / practical task,Adjacent-topic hypothesis; individual query validation needed,https://docs.mono.co/docs/payments/direct-debit/overview ; https://support.moniepoint.com/topics/transfers-233/i-did-a-successful-transfer-but-the-beneficiary-is-yet-to-receive-the-funds-421,,Include in parent guide; do not create another URL yet,Not measured,2026-09-04
H09,Payment methods and verification,how to check if payment link is safe,Checking a business payment link before opening or paying,Sender and domain verification; misleading pages; safe next steps; no guarantee from appearance alone,URL anatomy; verification checklist,P2,candidate,Informational / practical task,Adjacent-topic hypothesis; individual query validation needed,https://docs.mono.co/docs/payments/direct-debit/overview ; https://support.moniepoint.com/topics/transfers-233/i-did-a-successful-transfer-but-the-beneficiary-is-yet-to-receive-the-funds-421,,Validate query intent; produce original example/assets; factual review,Not measured,2026-09-04
H10,Payment methods and verification,customer sent money twice refund scam,Duplicate transfers and refund requests: verify before returning money,Merge the fraud-specific check into the overpayment guide,Refund-verification flow,P3,merge:D06,Informational / practical task,Adjacent-topic hypothesis; individual query validation needed,https://docs.mono.co/docs/payments/direct-debit/overview ; https://support.moniepoint.com/topics/transfers-233/i-did-a-successful-transfer-but-the-beneficiary-is-yet-to-receive-the-funds-421,,Include in parent guide; do not create another URL yet,Not measured,2026-09-04
I01,Records and software,customer data protection small business Nigeria,Customer records and data protection for a Nigerian small business,Necessary data; permissions; retention; customer rights; specialist review,Data-flow map; record inventory,P2,validate,Informational / practical task,Observed topic coverage; search volume unmeasured,https://www.ndpc.gov.ng/faqs/ ; https://tallypadi.com/accounts-receivable-debtors-tracking,protect-customer-records,Qualified legal/privacy/accounting review plus query validation,Not measured,2026-09-04
I02,Records and software,how long keep business records Nigeria,How long should a Nigerian business keep sales and payment records?,"Separate tax, contract, privacy and provider requirements; qualified review needed",Record-type retention matrix,P3,validate,Informational / practical task,Adjacent-topic hypothesis; individual query validation needed,https://www.ndpc.gov.ng/faqs/ ; https://tallypadi.com/accounts-receivable-debtors-tracking,,Qualified legal/privacy/accounting review plus query validation,Not measured,2026-09-04
I03,Records and software,staff access customer financial records,Which staff should see or change customer payment records?,Role-specific duties; approvals; staff exits; exceptional access,Role-permission table; approval workflow,P2,candidate,Informational / practical task,Adjacent-topic hypothesis; individual query validation needed,https://www.ndpc.gov.ng/faqs/ ; https://tallypadi.com/accounts-receivable-debtors-tracking,,Validate query intent; produce original example/assets; factual review,Not measured,2026-09-04
I04,Records and software,backup business records phone lost,Protecting customer sales records if a phone is lost,Access revocation; backup recovery; contact hygiene; device-specific validation,Recovery checklist; backup diagram,P2,candidate,Informational / practical task,Adjacent-topic hypothesis; individual query validation needed,https://www.ndpc.gov.ng/faqs/ ; https://tallypadi.com/accounts-receivable-debtors-tracking,,Validate query intent; produce original example/assets; factual review,Not measured,2026-09-04
I05,Records and software,audit trail meaning business records,What an audit trail should show for a credit sale,Actor; time; old/new values; related evidence; correction vs deletion,Annotated event timeline,P2,candidate,Informational / practical task,Adjacent-topic hypothesis; individual query validation needed,https://www.ndpc.gov.ng/faqs/ ; https://tallypadi.com/accounts-receivable-debtors-tracking,,Validate query intent; produce original example/assets; factual review,Not measured,2026-09-04
I06,Records and software,debt tracking app Nigeria,Choosing a debt-tracking app for a Nigerian business,Evaluate actual workflows; exports; access; offline behavior; total fees; no untested best-product claims,Requirements scorecard; test scenario,P1,candidate,Commercial evaluation,Observed topic coverage; search volume unmeasured,https://www.ndpc.gov.ng/faqs/ ; https://tallypadi.com/accounts-receivable-debtors-tracking,,Validate query intent; produce original example/assets; factual review,Not measured,2026-09-04
I07,Records and software,Excel vs app customer debt tracking,Excel or an app for tracking customer credit?,Volume; collaboration; error controls; portability; transparent tradeoffs,Decision matrix; same-sale comparison,P2,candidate,Commercial evaluation,Adjacent-topic hypothesis; individual query validation needed,https://www.ndpc.gov.ng/faqs/ ; https://tallypadi.com/accounts-receivable-debtors-tracking,,Validate query intent; produce original example/assets; factual review,Not measured,2026-09-04
I08,Records and software,move customer debt records from notebook to Excel,Moving from a debt notebook to a checked digital ledger,Opening balances; duplicate customers; proof; reconciliation; staged import,Migration checklist; sample cleanup table,P1,candidate,Informational / practical task,Adjacent-topic hypothesis; individual query validation needed,https://www.ndpc.gov.ng/faqs/ ; https://tallypadi.com/accounts-receivable-debtors-tracking,,Validate query intent; produce original example/assets; factual review,Not measured,2026-09-04
I09,Records and software,customer request correct payment record,Responding to a customer who says their payment history is wrong,Identity check; evidence; correction; notice to affected parties; review privacy duties,Correction workflow; record comparison,P3,validate,Informational / practical task,Adjacent-topic hypothesis; individual query validation needed,https://www.ndpc.gov.ng/faqs/ ; https://tallypadi.com/accounts-receivable-debtors-tracking,,Qualified legal/privacy/accounting review plus query validation,Not measured,2026-09-04
I10,Records and software,sales staff cash collection controls,"Separating sales, cash collection and payment approval",Small-team compensating checks; no need for impractical corporate bureaucracy,Roles matrix; daily sign-off,P2,candidate,Informational / practical task,Adjacent-topic hypothesis; individual query validation needed,https://www.ndpc.gov.ng/faqs/ ; https://tallypadi.com/accounts-receivable-debtors-tracking,,Validate query intent; produce original example/assets; factual review,Not measured,2026-09-04
J01,Industry-specific operations,credit sales FMCG distributors Nigeria,Credit sales for FMCG and provisions distributors,Route sales; frequent deliveries; returns; mixed payments; real operator evidence required,Route-to-ledger case; crate-return example,P2,validate,Informational / practical task,Adjacent-topic hypothesis; individual query validation needed,https://businessday.ng/market-intelligence/article/weakening-spending-power-forces-fmcg-firms-to-sell-on-credit/,,Validate distinctive need and interview operators,Not measured,2026-09-04
J02,Industry-specific operations,credit sales building materials suppliers,Credit sales for building-material suppliers,Buyer vs site recipient; split deliveries; breakage; large order exposure,Site-delivery map; staged ledger,P2,validate,Informational / practical task,Adjacent-topic hypothesis; individual query validation needed,https://businessday.ng/market-intelligence/article/weakening-spending-power-forces-fmcg-firms-to-sell-on-credit/,credit-sales-building-materials,Validate distinctive need and interview operators,Not measured,2026-09-04
J03,Industry-specific operations,credit sales pharmacy wholesalers Nigeria,Credit sales for pharmacy wholesalers,"Batch, expiry and returns; licensed-sector boundaries; interview practitioners",Batch-to-invoice trace; returns case,P3,validate,Informational / practical task,Adjacent-topic hypothesis; individual query validation needed,https://businessday.ng/market-intelligence/article/weakening-spending-power-forces-fmcg-firms-to-sell-on-credit/,,Validate distinctive need and interview operators,Not measured,2026-09-04
J04,Industry-specific operations,credit sales electronics dealers Nigeria,Credit sales for electronics dealers,Serial numbers; warranty disputes; delivery identity; operator case required,Serial-number record; claim timeline,P3,validate,Informational / practical task,Adjacent-topic hypothesis; individual query validation needed,https://businessday.ng/market-intelligence/article/weakening-spending-power-forces-fmcg-firms-to-sell-on-credit/,,Validate distinctive need and interview operators,Not measured,2026-09-04
J05,Industry-specific operations,credit sales fashion fabric wholesalers,Credit sales for fabric and fashion wholesalers,Units; metres vs pieces; colour batches; seasonal orders; operator case required,Unit-price table; seasonal cash scenario,P3,validate,Informational / practical task,Adjacent-topic hypothesis; individual query validation needed,https://businessday.ng/market-intelligence/article/weakening-spending-power-forces-fmcg-firms-to-sell-on-credit/,,Validate distinctive need and interview operators,Not measured,2026-09-04
J06,Industry-specific operations,credit sales auto spare parts dealers,Credit sales for auto-parts dealers,Part compatibility; part numbers; exchanges; mechanic vs owner payer,Part-to-order trace; return example,P3,validate,Informational / practical task,Adjacent-topic hypothesis; individual query validation needed,https://businessday.ng/market-intelligence/article/weakening-spending-power-forces-fmcg-firms-to-sell-on-credit/,,Validate distinctive need and interview operators,Not measured,2026-09-04
J07,Industry-specific operations,farm input suppliers credit sales Nigeria,Credit sales for farm-input suppliers,Seasonal receipts; delivery; approved product records; weather risks; field evidence required,Seasonal cash calendar; exposure scenario,P3,validate,Informational / practical task,Adjacent-topic hypothesis; individual query validation needed,https://businessday.ng/market-intelligence/article/weakening-spending-power-forces-fmcg-firms-to-sell-on-credit/,,Validate distinctive need and interview operators,Not measured,2026-09-04
J08,Industry-specific operations,credit sales frozen food distributors,Credit sales for frozen-food distributors,Cold-chain evidence; rejected stock; partial acceptance; practitioner review,Acceptance checklist; stock-return record,P3,validate,Informational / practical task,Adjacent-topic hypothesis; individual query validation needed,https://businessday.ng/market-intelligence/article/weakening-spending-power-forces-fmcg-firms-to-sell-on-credit/,,Validate distinctive need and interview operators,Not measured,2026-09-04
J09,Industry-specific operations,credit sales office supplies corporate customers,Credit sales to corporate procurement teams,Purchase orders; receiving officers; payment runs; document mismatches; buyer interviews,Procurement-to-payment swimlane,P3,validate,Informational / practical task,Adjacent-topic hypothesis; individual query validation needed,https://businessday.ng/market-intelligence/article/weakening-spending-power-forces-fmcg-firms-to-sell-on-credit/,,Validate distinctive need and interview operators,Not measured,2026-09-04
J10,Industry-specific operations,wholesale credit sales household goods Nigeria,Credit sales for household-goods wholesalers,Branch deliveries; mixed-item returns; repeat retail customers; demonstrate distinct need first,Branch-order ledger; reconciliation case,P3,validate,Informational / practical task,Adjacent-topic hypothesis; individual query validation needed,https://businessday.ng/market-intelligence/article/weakening-spending-power-forces-fmcg-firms-to-sell-on-credit/,,Validate distinctive need and interview operators,Not measured,2026-09-04
